,t,s,u,comms_num,created
lt74vw,Health Canada approves AstraZeneca COVID-19 vaccine,7,https://www.canadaforums.ca/2021/02/health-canada-approves-astrazeneca.html,0,1614400425
lsh0ij,COVID-19 in Canada: 'Vaccination passports' a near certainty says bio-ethicist,2,https://www.canadaforums.ca/2021/02/covid-19-in-canada-vaccination.html,1,1614316267
lohlle,Coronavirus variants could fuel Canada's third wave,6,https://www.canadaforums.ca/2021/02/coronavirus-variants-could-fuel-canadas.html,0,1613886608
lnptv8,Canadian government to extend COVID-19 emergency benefits,1,https://www.canadaforums.ca/2021/02/canadian-government-to-extend-covid-19.html,0,1613795713
lkslm6,Canada: Pfizer is 'extremely committed' to meeting vaccine delivery targets,6,https://www.canadaforums.ca/2021/02/canada-pfizer-is-extremely-committed-to.html,0,1613468188
lftbji,Canada: Oxford-AstraZeneca vaccine approval expected this week,5,https://www.canadaforums.ca/2021/02/canada-oxford-astrazeneca-vaccine.html,0,1612869431
ej9x066,Comment,1,,0,1553474093
g6jkhp,Fuck you anti-vaxxing retards,10,https://www.reddit.com/r/VaccineMyths/comments/g6jkhp/fuck_you_antivaxxing_retards/,8,1587662622
fofa0yy,Comment,0,,0,1587759590
ej9xuaf,Comment,0,,0,1553474721
ej9x2qr,Comment,1,,0,1553474147
ejacj98,Comment,2,,0,1553485820
ejabpdx,Comment,2,,0,1553485203
ejaculv,Comment,3,,0,1553486050
ejackaa,Comment,1,,0,1553485841
ejn2f7c,Comment,1,,0,1553870162
ejn1jon,Comment,1,,0,1553868938
ejmzlio,Comment,1,,0,1553866351
ejdklga,Comment,1,,0,1553584261
ejc4ys1,Comment,1,,0,1553549348
ejc4rd0,Comment,1,,0,1553549174
ejc48az,Comment,2,,0,1553548719
ejc2imz,Comment,0,,0,1553547167
ejb7724,Comment,1,,0,1553508491
ejasy5x,Comment,1,,0,1553497556
ejarnxh,Comment,2,,0,1553496600
ejaqwhg,Comment,1,,0,1553496049
ejao1av,Comment,2,,0,1553493953
ejanygr,Comment,2,,0,1553493898
ejai8qo,Comment,3,,0,1553489861
ejah7aa,Comment,0,,0,1553489130
ejaglyf,Comment,1,,0,1553488704
ejagid2,Comment,2,,0,1553488633
ejagfa0,Comment,0,,0,1553488573
ejagcz8,Comment,3,,0,1553488527
ejag8w0,Comment,2,,0,1553488447
ejag1r5,Comment,1,,0,1553488306
ejaftc8,Comment,0,,0,1553488143
ejafaqc,Comment,3,,0,1553487787
ejaf2ms,Comment,2,,0,1553487634
ejae7fj,Comment,2,,0,1553487019
ejadvtu,Comment,1,,0,1553486786
ejadlyg,Comment,2,,0,1553486588
ejadjse,Comment,3,,0,1553486545
ejn5xrv,Comment,1,,0,1553875497
ejpjkm0,Comment,1,,0,1553943184
ejy4sim,Comment,1,,0,1554242883
ejpwlwu,Comment,1,,0,1553957825
ejzgker,Comment,2,,0,1554275692
ejz8glc,Comment,1,,0,1554269533
ejz85ic,Comment,1,,0,1554269313
ejyuv4g,Comment,4,,0,1554260683
ejytxj4,Comment,8,,0,1554260092
ejyekic,Comment,1,,0,1554249972
ejyd6qo,Comment,1,,0,1554248995
ejyawnq,Comment,3,,0,1554247392
ejy5w08,Comment,-6,,0,1554243731
ejzjlqf,Comment,1,,0,1554278117
ejzsq7u,Comment,-1,,0,1554285345
ejzuye6,Comment,1,,0,1554287124
ek0lcq0,Comment,1,,0,1554321260
ek0a3jp,Comment,3,,0,1554303456
ek0or1b,Comment,2,,0,1554324545
ek0ul3u,Comment,1,,0,1554329201
ek1met5,Comment,1,,0,1554346685
ek1b9a9,Comment,1,,0,1554340299
ek35upu,Comment,1,,0,1554394062
ek24urf,Comment,1,,0,1554358587
lxzqpx,COVID-19: Músicos que han recibido la vacuna,2,https://losmejoresrock.com/covid-19-musicos-que-han-recibido-la-vacuna/,0,1614933314
ek37pd4,Comment,1,,0,1554397404
ek9lcmk,Comment,2,,0,1554607175
ek9kyu2,Comment,1,,0,1554606848
ek9ky0c,Comment,2,,0,1554606829
ek9ki74,Comment,1,,0,1554606450
ek9k3n8,Comment,2,,0,1554606113
ek9k0xy,Comment,1,,0,1554606056
ek9jnic,Comment,2,,0,1554605766
ek9j5p8,Comment,1,,0,1554605378
ek9b6uz,Comment,2,,0,1554599588
ek7ibqr,Comment,1,,0,1554529973
ek76qqk,Comment,1,,0,1554521873
ek76jw5,Comment,0,,0,1554521745
ek5wq4z,Comment,1,,0,1554481795
ek49q2s,Comment,0,,0,1554430197
ek3zf86,Comment,1,,0,1554423402
ek3rpwr,Comment,1,,0,1554418287
ek3q3xm,Comment,1,,0,1554417159
ek3pc0s,Comment,0,,0,1554416607
ek9n4w7,Comment,2,,0,1554608698
ek9mr5t,Comment,3,,0,1554608370
ek9lvxx,Comment,1,,0,1554607621
ek9nhbq,Comment,1,,0,1554608993
ewsgky,Anti-Vaccine Points Refuted A Thousand Times,13,https://vaxopedia.org/2018/07/29/anti-vaccine-points-refuted-a-thousand-times/,0,1580523379
evbvpj,Does the Vitamin K Shot Contain 100mcg of Aluminum?,10,https://vaxopedia.org/2018/08/25/does-the-vitamin-k-shot-contain-100mcg-of-aluminum/,6,1580275437
evbtzu,Is 100% of Injected Aluminum Absorbed?,2,https://vaxopedia.org/2019/08/21/is-all-injected-aluminum-absorbed/,3,1580275254
e83687,A vaccine debate group juts started up. If you’re interested in joining.,0,https://www.facebook.com/groups/445000352804849/?ref=share,4,1575885382
ektgbr8,Comment,1,,0,1555212596
ekt8mby,Comment,1,,0,1555207478
ekt3ujq,Comment,1,,0,1555204216
eksvcq6,Comment,1,,0,1555198021
